<keymap version="1" name="Ideavim_custom" parent="Default for GNOME">
  <action id="$Copy">
    <keyboard-shortcut first-keystroke="ctrl insert" />
    <keyboard-shortcut first-keystroke="shift ctrl c" />
  </action>
  <action id="ActivateProjectToolWindow">
    <keyboard-shortcut first-keystroke="alt 1" />
    <keyboard-shortcut first-keystroke="alt e" />
    <keyboard-shortcut first-keystroke="space" second-keystroke="e" />
  </action>
  <action id="ActivateTerminalToolWindow">
    <keyboard-shortcut first-keystroke="alt f12" />
    <keyboard-shortcut first-keystroke="space" second-keystroke="t" />
  </action>
  <action id="ActivateVersionControlToolWindow">
    <keyboard-shortcut first-keystroke="alt 9" />
    <keyboard-shortcut first-keystroke="space" second-keystroke="g" />
  </action>
  <action id="CloseGotItTooltip">
    <keyboard-shortcut first-keystroke="escape" />
    <keyboard-shortcut first-keystroke="ctrl c" />
  </action>
  <action id="Editor Copy">
    <keyboard-shortcut first-keystroke="shift ctrl c" />
  </action>
  <action id="EditorCopy">
    <keyboard-shortcut first-keystroke="ctrl insert" />
    <keyboard-shortcut first-keystroke="shift ctrl c" />
  </action>
  <action id="EditorEscape">
    <keyboard-shortcut first-keystroke="escape" />
    <keyboard-shortcut first-keystroke="ctrl c" />
  </action>
  <action id="FocusEditor">
    <keyboard-shortcut first-keystroke="escape" />
    <keyboard-shortcut first-keystroke="ctrl c" />
  </action>
  <action id="GotoDeclaration">
    <keyboard-shortcut first-keystroke="ctrl b" />
    <mouse-shortcut keystroke="control button1" />
    <keyboard-shortcut first-keystroke="g" second-keystroke="d" />
  </action>
  <action id="List-selectNextRow">
    <keyboard-shortcut first-keystroke="down" />
    <keyboard-shortcut first-keystroke="ctrl j" />
  </action>
  <action id="List-selectPreviousRow">
    <keyboard-shortcut first-keystroke="up" />
    <keyboard-shortcut first-keystroke="ctrl k" />
  </action>
  <action id="RecentFiles" />
  <action id="Rerun">
    <keyboard-shortcut first-keystroke="ctrl f5" />
    <keyboard-shortcut first-keystroke="ctrl r" />
  </action>
  <action id="ShowSettings">
    <keyboard-shortcut first-keystroke="ctrl alt s" />
    <keyboard-shortcut first-keystroke="ctrl comma" />
  </action>
  <action id="SplitHorizontally">
    <keyboard-shortcut first-keystroke="ctrl w" second-keystroke="s" />
  </action>
  <action id="SplitVertically">
    <keyboard-shortcut first-keystroke="ctrl w" second-keystroke="v" />
  </action>
  <action id="SwitcherIterateItems" />
  <action id="SwitcherRecentEditedChangedToggleCheckBox" />
  <action id="Terminal.CopySelectedText">
    <keyboard-shortcut first-keystroke="shift ctrl c" />
    <keyboard-shortcut first-keystroke="ctrl insert" />
  </action>
  <action id="UnsplitAll">
    <keyboard-shortcut first-keystroke="ctrl w" second-keystroke="u" />
  </action>
  <action id="Vcs.UpdateProject" />
</keymap>